<soapenv:Envelope xmlns:soapenv="http://schemas.xmlsoap.org/soap/envelope/"
    xmlns:ns0="http://wap.j.suncco.com:88/09"
    xmlns:xsd="http://www.w3.org/2001/XMLSchema"
    xmlns:xsi="http://www.w3.org/2001/XMLSchema-instance" >

    <soapenv:Body>

        <ns0:memberLogin>

            <username>
HR10005702
            </username>

            <password>
3232464616
            </password>

            <uuid>
23232
            </uuid>
        </ns0:memberLogin>
    </soapenv:Body>

</soapenv:Envelope>